Webpage,cluster,ID,z,bright_mag,bright_magerr,stellarity,ra,dec,zbpz,zbmin,zbmax,zb>4.5,zez,zezmin,zezmax,zez>4.5,x,y,fwhm,area,B435,eB435,V606,eV606,I814,eI814,Y105,eY105,J125,eJ125,JH140,eJH140,H160,eH160
https://relics.stsci.edu/HST/plckg004-19/final_processing/catalogs/IR_detection/PhotoZ/html/222.html,plckg004-19,222,5.78,24.08,0.016,0.88,289.2821785,-33.5081907,5.75,5.62,5.90,5.75,5.80,5.41,6.14,5.65,1907.260,3436.303,0.220,86,28.5066,0.8675,28.2819,0.5609,25.3829,0.0667,24.3343,0.0584,24.0005,0.0716,24.195,0.0738,24.1318,0.0478
https://relics.stsci.edu/HST/plckg004-19/final_processing/catalogs/IR_detection/PhotoZ/html/1483.html,plckg004-19,1483,5.61,24.22,0.029,0.95,289.2871631,-33.5246366,5.67,5.35,5.78,5.67,5.55,5.31,5.93,5.49,1658.047,2449.514,0.203,79,29.1484,1.3092,27.6413,0.3546,25.0484,0.0496,24.3737,0.0414,24.2727,0.0625,24.1713,0.0466,24.4704,0.0475
https://relics.stsci.edu/HST/plckg004-19/final_processing/catalogs/IR_detection/PhotoZ/html/2691.html,plckg004-19,2691,6.00,24.47,0.019,0.97,289.2652211,-33.5445073,5.99,5.84,6.14,5.99,6.00,5.63,6.34,5.89,2755.504,1257.332,0.203,74,27.5998,0.437,-99,0,26.0603,0.1105,24.6998,0.0801,24.3778,0.0854,24.5158,0.0865,24.4653,0.0508
https://relics.stsci.edu/HST/plckg004-19/final_processing/catalogs/IR_detection/PhotoZ/html/1156.html,plckg004-19,1156,7.06,27.25,0.088,0.00,289.2724140,-33.5209486,6.71,1.09,7.60,6.71,7.41,1.61,8.09,6.83,2395.778,2670.857,0.344,24,30.1551,1.6212,30.3183,1.413,99,29.0069,27.2145,0.2472,26.9268,0.3101,27.0451,0.2857,27.009,0.1977
https://relics.stsci.edu/HST/plckg004-19/final_processing/catalogs/IR_detection/PhotoZ/html/744.html,plckg004-19,744,5.53,25.37,0.031,0.15,289.2542204,-33.5169875,5.51,5.22,5.81,5.51,5.55,0.93,6.04,5.43,3305.878,2908.462,0.350,58,99,28.4054,28.2133,0.4832,26.2859,0.1264,25.4905,0.087,25.2403,0.1154,25.3016,0.0994,25.3432,0.0846
https://relics.stsci.edu/HST/plckg004-19/final_processing/catalogs/IR_detection/PhotoZ/html/2447.html,plckg004-19,2447,5.73,25.44,0.051,0.87,289.2668744,-33.5357260,5.58,5.24,5.91,5.58,5.88,4.89,6.19,5.56,2672.844,1784.214,0.190,53,27.5978,0.4445,99,28.8014,26.4347,0.1446,25.568,0.0979,25.4555,0.1464,25.4816,0.1229,25.3543,0.0777
https://relics.stsci.edu/HST/plckg004-19/final_processing/catalogs/IR_detection/PhotoZ/html/1904.html,plckg004-19,1904,5.82,25.51,0.034,0.97,289.2648545,-33.5294502,5.81,5.34,5.97,5.81,5.82,5.37,6.15,5.71,2773.886,2160.758,0.204,40,28.0753,0.5532,30.261,1.585,26.3296,0.1159,25.4896,0.0786,25.3763,0.1165,25.4335,0.1008,25.5203,0.0765
https://relics.stsci.edu/HST/plckg004-19/final_processing/catalogs/IR_detection/PhotoZ/html/1932.html,plckg004-19,1932,5.52,25.47,0.041,0.97,289.2437251,-33.5296311,5.55,5.03,5.77,5.55,5.48,4.53,5.95,5.43,3830.695,2149.741,0.197,38,29.8752,1.5829,27.9498,0.3442,26.1762,0.0985,25.5104,0.0827,25.5585,0.1364,25.3667,0.0982,25.6002,0.0832
https://relics.stsci.edu/HST/plckg004-19/final_processing/catalogs/IR_detection/PhotoZ/html/2698.html,plckg004-19,2698,6.14,25.58,0.035,0.97,289.2651888,-33.5446846,6.11,5.68,6.27,6.10,6.18,5.62,6.43,6.00,2757.123,1246.694,0.207,39,99,28.7397,99,29.1571,26.7962,0.1525,25.4382,0.1216,25.4289,0.1851,25.472,0.1525,25.4953,0.1065
https://relics.stsci.edu/HST/plckg004-19/final_processing/catalogs/IR_detection/PhotoZ/html/1508.html,plckg004-19,1508,6.09,25.61,0.056,0.97,289.2418125,-33.5248829,6.04,5.59,6.20,6.04,6.15,5.61,6.36,6.04,3926.434,2434.604,0.182,38,27.6588,0.378,29.4673,0.9813,26.7293,0.154,25.5225,0.0826,25.5369,0.1332,25.6212,0.1195,25.595,0.0811
https://relics.stsci.edu/HST/plckg004-19/final_processing/catalogs/IR_detection/PhotoZ/html/2057.html,plckg004-19,2057,6.11,25.95,0.051,0.95,289.2612817,-33.5316286,6.05,5.57,6.36,6.05,6.17,1.09,6.48,6.04,2952.575,2030.041,0.223,28,27.7237,0.3561,29.6498,1.0035,27.4179,0.2391,26.1029,0.1104,26.0154,0.1691,25.8149,0.1166,26.2389,0.1186
https://relics.stsci.edu/HST/plckg004-19/final_processing/catalogs/IR_detection/PhotoZ/html/1709.html,plckg004-19,1709,6.05,25.98,0.071,0.97,289.2609597,-33.5264853,6.05,0.85,6.47,6.05,1.31,0.94,6.51,5.90,2968.708,2338.639,0.215,27,29.2026,1.0308,28.9074,0.6583,27.6766,0.3083,26.2214,0.1295,25.8373,0.1504,25.9035,0.1328,25.8799,0.0903
https://relics.stsci.edu/HST/plckg004-19/final_processing/catalogs/IR_detection/PhotoZ/html/1441.html,plckg004-19,1441,5.59,26.03,0.041,0.74,289.2942354,-33.5245708,5.51,5.04,5.97,5.51,5.67,4.70,6.18,5.61,1304.302,2453.393,0.193,41,99,28.6388,29.0935,0.7897,26.7798,0.1684,25.9397,0.1186,25.9743,0.1947,25.8537,0.1485,25.9559,0.1106
https://relics.stsci.edu/HST/plckg004-19/final_processing/catalogs/IR_detection/PhotoZ/html/936.html,plckg004-19,936,6.39,26.15,0.042,0.96,289.2490603,-33.5185683,6.33,5.96,6.73,6.33,6.45,6.03,6.99,6.41,3563.983,2813.568,0.226,27,31.5372,2.8665,99,29.2101,27.939,0.3648,26.0432,0.1066,25.9584,0.1594,26.1071,0.1502,26.1513,0.1098
https://relics.stsci.edu/HST/plckg004-19/final_processing/catalogs/IR_detection/PhotoZ/html/2248.html,plckg004-19,2248,5.57,26.23,0.055,0.95,289.2673518,-33.5336668,5.48,0.76,5.93,5.47,5.67,0.81,6.16,5.52,2648.973,1907.768,0.211,22,31.8561,3.1435,29.0639,0.6792,27.0787,0.1728,26.2245,0.1164,26.3853,0.2156,26.0717,0.1379,26.1641,0.1053
https://relics.stsci.edu/HST/plckg004-19/final_processing/catalogs/IR_detection/PhotoZ/html/191.html,plckg004-19,191,5.51,26.26,0.076,0.90,289.2616232,-33.5074491,5.51,4.37,5.73,5.50,0.93,0.83,5.94,4.59,2935.612,3480.810,0.238,23,29.8188,1.3835,28.1981,0.3532,26.8153,0.1379,26.1413,0.1066,26.4321,0.2253,26.4994,0.1913,26.4713,0.1337
https://relics.stsci.edu/HST/plckg004-19/final_processing/catalogs/IR_detection/PhotoZ/html/1933.html,plckg004-19,1933,5.68,26.29,0.074,0.87,289.2513887,-33.5296334,5.43,4.98,5.90,5.42,5.94,5.01,6.14,5.81,3447.393,2149.684,0.194,28,29.1447,0.9578,99,29.1773,26.8776,0.1583,26.1787,0.1238,26.2483,0.2047,26.115,0.1568,26.1635,0.1115
https://relics.stsci.edu/HST/plckg004-19/final_processing/catalogs/IR_detection/PhotoZ/html/782.html,plckg004-19,782,5.79,26.31,0.050,0.00,289.2556479,-33.5171142,5.64,0.85,5.91,5.63,5.95,0.93,6.14,5.87,3234.470,2900.873,0.320,30,28.1892,0.5194,29.2072,0.7753,27.0516,0.1834,26.3169,0.1368,26.6844,0.2963,26.1308,0.1564,26.7031,0.1778
https://relics.stsci.edu/HST/plckg004-19/final_processing/catalogs/IR_detection/PhotoZ/html/1094.html,plckg004-19,1094,5.51,26.41,0.048,0.85,289.2689505,-33.5201838,5.47,4.61,5.87,5.47,5.55,4.56,6.09,5.45,2569.027,2716.748,0.196,21,99,28.7009,29.6088,1.0017,27.0549,0.1865,26.4781,0.1341,26.2082,0.1735,26.3581,0.1623,26.5409,0.1328
https://relics.stsci.edu/HST/plckg004-19/final_processing/catalogs/IR_detection/PhotoZ/html/2416.html,plckg004-19,2416,6.07,26.50,0.075,0.85,289.2558925,-33.5365461,1.04,0.63,6.41,6.05,6.07,0.27,6.72,5.99,3222.071,1734.960,0.247,25,99,28.815,28.568,0.47,28.0131,0.3758,26.5015,0.1588,26.4306,0.237,26.3275,0.1833,26.354,0.1303
https://relics.stsci.edu/HST/plckg004-19/final_processing/catalogs/IR_detection/PhotoZ/html/952.html,plckg004-19,952,6.02,26.60,0.082,0.76,289.2873745,-33.5187183,5.91,5.18,6.28,5.88,6.12,1.28,6.53,6.09,1647.418,2804.609,0.208,16,29.2156,0.8936,29.723,0.9582,27.7212,0.273,26.4551,0.1308,26.7275,0.2637,27.4208,0.377,27.0469,0.2025
https://relics.stsci.edu/HST/plckg004-19/final_processing/catalogs/IR_detection/PhotoZ/html/2543.html,plckg004-19,2543,6.18,26.61,0.055,0.81,289.2647349,-33.5397065,6.17,0.94,6.91,6.16,6.19,1.03,7.34,6.09,2779.835,1545.378,0.210,21,30.882,2.138,29.7441,0.9761,28.3243,0.4406,26.6299,0.1632,26.4787,0.2377,26.3907,0.1795,26.4921,0.1403
https://relics.stsci.edu/HST/plckg004-19/final_processing/catalogs/IR_detection/PhotoZ/html/1983.html,plckg004-19,1983,6.53,26.72,0.082,0.78,289.2615259,-33.5303103,6.40,5.89,6.93,6.40,6.66,5.95,7.29,6.53,2940.364,2109.139,0.220,20,28.278,0.5095,99,29.3512,28.8733,0.6454,26.5518,0.1432,26.7133,0.2563,26.7238,0.2204,26.745,0.155
https://relics.stsci.edu/HST/plckg004-19/final_processing/catalogs/IR_detection/PhotoZ/html/738.html,plckg004-19,738,5.69,26.84,0.067,0.74,289.2576809,-33.5166658,5.52,0.77,5.91,5.51,5.87,0.94,6.17,5.43,3132.776,2927.788,0.220,13,28.8959,0.7127,30.9576,1.7476,27.5653,0.2229,26.9648,0.1807,27.0327,0.3019,26.6253,0.182,27.2806,0.2208
https://relics.stsci.edu/HST/plckg004-19/final_processing/catalogs/IR_detection/PhotoZ/html/2704.html,plckg004-19,2704,6.87,26.92,0.081,0.68,289.2721364,-33.5449546,6.68,1.05,7.39,6.68,7.05,6.37,7.90,6.96,2409.689,1230.497,0.305,21,99,28.7134,29.2814,0.8282,99,28.8933,26.912,0.2026,26.6766,0.2758,27.133,0.3207,26.7238,0.1679
https://relics.stsci.edu/HST/plckg004-19/final_processing/catalogs/IR_detection/PhotoZ/html/204.html,plckg004-19,204,5.53,26.96,0.080,0.55,289.2608265,-33.5077113,5.25,0.58,5.77,5.25,5.80,0.71,6.08,5.32,2975.472,3465.079,0.311,17,28.7243,0.7026,30.1323,1.2554,27.3626,0.2167,26.7522,0.1733,27.2819,0.4217,26.8084,0.2408,26.7838,0.1709
https://relics.stsci.edu/HST/plckg004-19/final_processing/catalogs/IR_detection/PhotoZ/html/2268.html,plckg004-19,2268,5.56,27.00,0.082,0.21,289.2612304,-33.5342132,5.34,0.64,5.73,5.33,5.79,0.76,6.03,5.21,2955.123,1874.965,0.363,20,29.8815,1.3726,29.3751,0.7779,27.3569,0.2059,26.7915,0.1755,26.8791,0.2994,27.2313,0.3292,26.9542,0.1888
https://relics.stsci.edu/HST/plckg004-19/final_processing/catalogs/IR_detection/PhotoZ/html/536.html,plckg004-19,536,5.64,27.09,0.086,0.72,289.2596320,-33.5137860,5.39,0.80,5.87,5.39,5.88,4.89,6.20,5.82,3035.193,3100.590,0.256,17,99,28.9483,99,29.3469,27.4845,0.2221,26.8712,0.1797,27.0705,0.3234,27.2578,0.3241,26.9435,0.1733